model,task,strategy,budget,accuracy,violation_rate,mean_used_budget,max_peak_budget,duration_sec
qwen2.5:1.5b,swe,truncation,2048,0.17727142542410232,0.0,561.0112359550562,1973.0,206.38560104370117
qwen2.5:1.5b,swe,truncation,4096,0.1862601894690461,0.0,646.1573033707865,3299.0,210.23008394241333
qwen2.5:1.5b,swe,truncation,8192,0.19075457149151798,0.0,788.3370786516854,4542.0,208.96180391311646
qwen2.5:1.5b,swe,truncation,16384,0.19075457149151798,0.0,788.3370786516854,4542.0,203.01787185668945
qwen2.5:1.5b,swe,truncation,32768,0.19075457149151798,0.0,788.3370786516854,4542.0,208.7271900177002
qwen2.5:1.5b,swe,summary,2048,0.17727142542410232,0.0,570.2471910112359,1973.0,219.4081928730011
qwen2.5:1.5b,swe,summary,4096,0.1862601894690461,0.0,650.4606741573034,3299.0,214.75754594802856
qwen2.5:1.5b,swe,summary,8192,0.19075457149151798,0.0,788.3370786516854,4542.0,218.54181098937988
qwen2.5:1.5b,swe,summary,16384,0.19075457149151798,0.0,788.3370786516854,4542.0,214.85299706459045
qwen2.5:1.5b,swe,summary,32768,0.19075457149151798,0.0,788.3370786516854,4542.0,207.2174551486969
qwen2.5:1.5b,swe,rag,2048,0.17727142542410232,0.06741573033707865,556.8314606741573,4542.0,187.0017900466919
qwen2.5:1.5b,swe,rag,4096,0.1862601894690461,0.033707865168539325,644.0674157303371,4542.0,194.16104102134705
qwen2.5:1.5b,swe,rag,8192,0.19075457149151798,0.0,788.3370786516854,4542.0,203.30299186706543
qwen2.5:1.5b,swe,rag,16384,0.19075457149151798,0.0,788.3370786516854,4542.0,202.93832302093506
qwen2.5:1.5b,swe,rag,32768,0.19075457149151798,0.0,788.3370786516854,4542.0,202.43527388572693
qwen2.5:1.5b,long,truncation,2048,0.29213483146067415,0.0,1796.6136363636363,2028.0,43.30774283409119
qwen2.5:1.5b,long,truncation,4096,0.2696629213483146,0.0,3803.2272727272725,4092.0,84.30055594444275
qwen2.5:1.5b,long,truncation,8192,0.2696629213483146,0.0,7936.511363636364,8180.0,209.42325520515442
qwen2.5:1.5b,long,truncation,16384,0.3258426966292135,0.0,16011.681818181818,16382.0,637.1793847084045
qwen2.5:1.5b,long,truncation,32768,0.3258426966292135,0.0,29410.852272727272,32762.0,1794.7571918964386
qwen2.5:1.5b,long,summary,2048,0.30337078651685395,0.028409090909090908,1584.3977272727273,2153.0,1862.319410085678
qwen2.5:1.5b,long,summary,4096,0.23595505617977527,0.06818181818181818,3412.465909090909,4398.0,1982.655965089798
qwen2.5:1.5b,long,summary,8192,0.25842696629213485,0.045454545454545456,7488.522727272727,8439.0,1966.7933270931244
qwen2.5:1.5b,long,summary,16384,0.29213483146067415,0.06818181818181818,15110.90909090909,16658.0,2261.317083120346
qwen2.5:1.5b,long,summary,32768,0.3146067415730337,0.028409090909090908,28898.829545454544,33011.0,3240.0215780735016
qwen2.5:1.5b,long,rag,2048,0.30337078651685395,0.0,1919.1704545454545,2048.0,495.46136808395386
qwen2.5:1.5b,long,rag,4096,0.3146067415730337,0.0,3960.7727272727275,4094.0,539.3318581581116
qwen2.5:1.5b,long,rag,8192,0.34831460674157305,0.0,8052.352272727273,8192.0,671.0905849933624
qwen2.5:1.5b,long,rag,16384,0.33707865168539325,0.0,16087.71590909091,16384.0,1103.5004448890686
qwen2.5:1.5b,long,rag,32768,0.3146067415730337,0.0,29482.68181818182,32768.0,2249.987828016281
