model,task,strategy,budget,accuracy,violation_rate,mean_used_budget,max_peak_budget,quality_ci_low,quality_ci_high,quality_n,duration_sec
qwen2.5:1.5b,long,truncation,2048,0.0,0.0,1857.0,1871.0,0.0,0.0,3,5.943530797958374
qwen2.5:1.5b,long,truncation,8192,0.0,0.0,8018.0,8131.0,0.0,0.0,3,7.416363000869751
qwen2.5:1.5b,long,truncation,32768,0.0,0.0,32487.666666666668,32665.0,0.0,0.0,3,73.14487719535828
qwen2.5:1.5b,long,rag,2048,0.3333333333333333,0.0,1995.6666666666667,2041.0,0.0,1.0,3,22.78975486755371
qwen2.5:1.5b,long,rag,8192,0.0,0.0,8093.0,8168.0,0.0,0.0,3,28.67841410636902
qwen2.5:1.5b,long,rag,32768,0.0,0.0,32662.666666666668,32764.0,0.0,0.0,3,126.10385704040527
qwen2.5:1.5b,long,full_context,2048,0.0,1.0,0.0,470168.0,0.0,0.0,3,1.1026649475097656
qwen2.5:1.5b,long,full_context,8192,0.0,1.0,0.0,470168.0,0.0,0.0,3,1.044264316558838
qwen2.5:1.5b,long,full_context,32768,0.0,1.0,0.0,470168.0,0.0,0.0,3,1.0477540493011475
