model,task,strategy,budget,memory_category,accuracy,quality_ci_low,quality_ci_high,quality_n,_log_dir
qwen2.5:1.5b,longmem,truncation,2048,abstention,0.25,0.0,0.625,8,logs/full_study/longmem_oracle_qwen15b_50
qwen2.5:1.5b,longmem,truncation,2048,knowledge_update,0.42857142857142855,0.14285714285714285,0.8571428571428571,7,logs/full_study/longmem_oracle_qwen15b_50
qwen2.5:1.5b,longmem,truncation,2048,multi_session,0.14285714285714285,0.0,0.42857142857142855,7,logs/full_study/longmem_oracle_qwen15b_50
qwen2.5:1.5b,longmem,truncation,2048,single_session_assistant,0.5714285714285714,0.14285714285714285,0.8571428571428571,7,logs/full_study/longmem_oracle_qwen15b_50
qwen2.5:1.5b,longmem,truncation,2048,single_session_preference,0.0,0.0,0.0,7,logs/full_study/longmem_oracle_qwen15b_50
qwen2.5:1.5b,longmem,truncation,2048,single_session_user,0.5714285714285714,0.2857142857142857,0.8571428571428571,7,logs/full_study/longmem_oracle_qwen15b_50
qwen2.5:1.5b,longmem,truncation,2048,temporal_reasoning,0.42857142857142855,0.14285714285714285,0.8571428571428571,7,logs/full_study/longmem_oracle_qwen15b_50
qwen2.5:1.5b,longmem,truncation,4096,abstention,0.375,0.0,0.75,8,logs/full_study/longmem_oracle_qwen15b_50
qwen2.5:1.5b,longmem,truncation,4096,knowledge_update,0.7142857142857143,0.42857142857142855,1.0,7,logs/full_study/longmem_oracle_qwen15b_50
qwen2.5:1.5b,longmem,truncation,4096,multi_session,0.2857142857142857,0.0,0.7142857142857143,7,logs/full_study/longmem_oracle_qwen15b_50
qwen2.5:1.5b,longmem,truncation,4096,single_session_assistant,0.5714285714285714,0.14285714285714285,0.8571428571428571,7,logs/full_study/longmem_oracle_qwen15b_50
qwen2.5:1.5b,longmem,truncation,4096,single_session_preference,0.0,0.0,0.0,7,logs/full_study/longmem_oracle_qwen15b_50
qwen2.5:1.5b,longmem,truncation,4096,single_session_user,1.0,1.0,1.0,7,logs/full_study/longmem_oracle_qwen15b_50
qwen2.5:1.5b,longmem,truncation,4096,temporal_reasoning,0.42857142857142855,0.14285714285714285,0.7142857142857143,7,logs/full_study/longmem_oracle_qwen15b_50
qwen2.5:1.5b,longmem,truncation,8192,abstention,0.125,0.0,0.375,8,logs/full_study/longmem_oracle_qwen15b_50
qwen2.5:1.5b,longmem,truncation,8192,knowledge_update,0.2857142857142857,0.0,0.5714285714285714,7,logs/full_study/longmem_oracle_qwen15b_50
qwen2.5:1.5b,longmem,truncation,8192,multi_session,0.2857142857142857,0.0,0.5714285714285714,7,logs/full_study/longmem_oracle_qwen15b_50
qwen2.5:1.5b,longmem,truncation,8192,single_session_assistant,0.5714285714285714,0.14285714285714285,0.8571428571428571,7,logs/full_study/longmem_oracle_qwen15b_50
qwen2.5:1.5b,longmem,truncation,8192,single_session_preference,0.0,0.0,0.0,7,logs/full_study/longmem_oracle_qwen15b_50
qwen2.5:1.5b,longmem,truncation,8192,single_session_user,1.0,1.0,1.0,7,logs/full_study/longmem_oracle_qwen15b_50
qwen2.5:1.5b,longmem,truncation,8192,temporal_reasoning,0.42857142857142855,0.14285714285714285,0.7142857142857143,7,logs/full_study/longmem_oracle_qwen15b_50
qwen2.5:1.5b,longmem,rag,2048,abstention,0.125,0.0,0.375,8,logs/full_study/longmem_oracle_qwen15b_50
qwen2.5:1.5b,longmem,rag,2048,knowledge_update,0.7142857142857143,0.42857142857142855,1.0,7,logs/full_study/longmem_oracle_qwen15b_50
qwen2.5:1.5b,longmem,rag,2048,multi_session,0.2857142857142857,0.0,0.5714285714285714,7,logs/full_study/longmem_oracle_qwen15b_50
qwen2.5:1.5b,longmem,rag,2048,single_session_assistant,0.5714285714285714,0.14285714285714285,0.8571428571428571,7,logs/full_study/longmem_oracle_qwen15b_50
qwen2.5:1.5b,longmem,rag,2048,single_session_preference,0.0,0.0,0.0,7,logs/full_study/longmem_oracle_qwen15b_50
qwen2.5:1.5b,longmem,rag,2048,single_session_user,0.7142857142857143,0.42857142857142855,1.0,7,logs/full_study/longmem_oracle_qwen15b_50
qwen2.5:1.5b,longmem,rag,2048,temporal_reasoning,0.2857142857142857,0.0,0.5714285714285714,7,logs/full_study/longmem_oracle_qwen15b_50
qwen2.5:1.5b,longmem,rag,4096,abstention,0.125,0.0,0.375,8,logs/full_study/longmem_oracle_qwen15b_50
qwen2.5:1.5b,longmem,rag,4096,knowledge_update,0.42857142857142855,0.14285714285714285,0.8571428571428571,7,logs/full_study/longmem_oracle_qwen15b_50
qwen2.5:1.5b,longmem,rag,4096,multi_session,0.42857142857142855,0.14285714285714285,0.7142857142857143,7,logs/full_study/longmem_oracle_qwen15b_50
qwen2.5:1.5b,longmem,rag,4096,single_session_assistant,0.5714285714285714,0.14285714285714285,0.8571428571428571,7,logs/full_study/longmem_oracle_qwen15b_50
qwen2.5:1.5b,longmem,rag,4096,single_session_preference,0.0,0.0,0.0,7,logs/full_study/longmem_oracle_qwen15b_50
qwen2.5:1.5b,longmem,rag,4096,single_session_user,1.0,1.0,1.0,7,logs/full_study/longmem_oracle_qwen15b_50
qwen2.5:1.5b,longmem,rag,4096,temporal_reasoning,0.2857142857142857,0.0,0.7142857142857143,7,logs/full_study/longmem_oracle_qwen15b_50
qwen2.5:1.5b,longmem,rag,8192,abstention,0.125,0.0,0.375,8,logs/full_study/longmem_oracle_qwen15b_50
qwen2.5:1.5b,longmem,rag,8192,knowledge_update,0.2857142857142857,0.0,0.5714285714285714,7,logs/full_study/longmem_oracle_qwen15b_50
qwen2.5:1.5b,longmem,rag,8192,multi_session,0.14285714285714285,0.0,0.42857142857142855,7,logs/full_study/longmem_oracle_qwen15b_50
qwen2.5:1.5b,longmem,rag,8192,single_session_assistant,0.5714285714285714,0.14285714285714285,0.8571428571428571,7,logs/full_study/longmem_oracle_qwen15b_50
qwen2.5:1.5b,longmem,rag,8192,single_session_preference,0.0,0.0,0.0,7,logs/full_study/longmem_oracle_qwen15b_50
qwen2.5:1.5b,longmem,rag,8192,single_session_user,1.0,1.0,1.0,7,logs/full_study/longmem_oracle_qwen15b_50
qwen2.5:1.5b,longmem,rag,8192,temporal_reasoning,0.42857142857142855,0.14285714285714285,0.8571428571428571,7,logs/full_study/longmem_oracle_qwen15b_50
qwen2.5:1.5b,longmem,lean_retrieval,2048,abstention,0.25,0.0,0.625,8,logs/full_study/longmem_oracle_qwen15b_50
qwen2.5:1.5b,longmem,lean_retrieval,2048,knowledge_update,0.5714285714285714,0.14285714285714285,0.8571428571428571,7,logs/full_study/longmem_oracle_qwen15b_50
qwen2.5:1.5b,longmem,lean_retrieval,2048,multi_session,0.42857142857142855,0.14285714285714285,0.8571428571428571,7,logs/full_study/longmem_oracle_qwen15b_50
qwen2.5:1.5b,longmem,lean_retrieval,2048,single_session_assistant,0.7142857142857143,0.42857142857142855,1.0,7,logs/full_study/longmem_oracle_qwen15b_50
qwen2.5:1.5b,longmem,lean_retrieval,2048,single_session_preference,0.0,0.0,0.0,7,logs/full_study/longmem_oracle_qwen15b_50
qwen2.5:1.5b,longmem,lean_retrieval,2048,single_session_user,0.8571428571428571,0.5714285714285714,1.0,7,logs/full_study/longmem_oracle_qwen15b_50
qwen2.5:1.5b,longmem,lean_retrieval,2048,temporal_reasoning,0.42857142857142855,0.14285714285714285,0.8571428571428571,7,logs/full_study/longmem_oracle_qwen15b_50
qwen2.5:1.5b,longmem,lean_retrieval,4096,abstention,0.375,0.125,0.75,8,logs/full_study/longmem_oracle_qwen15b_50
qwen2.5:1.5b,longmem,lean_retrieval,4096,knowledge_update,0.42857142857142855,0.0,0.8571428571428571,7,logs/full_study/longmem_oracle_qwen15b_50
qwen2.5:1.5b,longmem,lean_retrieval,4096,multi_session,0.42857142857142855,0.14285714285714285,0.7142857142857143,7,logs/full_study/longmem_oracle_qwen15b_50
qwen2.5:1.5b,longmem,lean_retrieval,4096,single_session_assistant,0.5714285714285714,0.14285714285714285,0.8571428571428571,7,logs/full_study/longmem_oracle_qwen15b_50
qwen2.5:1.5b,longmem,lean_retrieval,4096,single_session_preference,0.0,0.0,0.0,7,logs/full_study/longmem_oracle_qwen15b_50
qwen2.5:1.5b,longmem,lean_retrieval,4096,single_session_user,1.0,1.0,1.0,7,logs/full_study/longmem_oracle_qwen15b_50
qwen2.5:1.5b,longmem,lean_retrieval,4096,temporal_reasoning,0.42857142857142855,0.14285714285714285,0.8571428571428571,7,logs/full_study/longmem_oracle_qwen15b_50
qwen2.5:1.5b,longmem,lean_retrieval,8192,abstention,0.125,0.0,0.375,8,logs/full_study/longmem_oracle_qwen15b_50
qwen2.5:1.5b,longmem,lean_retrieval,8192,knowledge_update,0.2857142857142857,0.0,0.5714285714285714,7,logs/full_study/longmem_oracle_qwen15b_50
qwen2.5:1.5b,longmem,lean_retrieval,8192,multi_session,0.14285714285714285,0.0,0.42857142857142855,7,logs/full_study/longmem_oracle_qwen15b_50
qwen2.5:1.5b,longmem,lean_retrieval,8192,single_session_assistant,0.5714285714285714,0.2857142857142857,0.8571428571428571,7,logs/full_study/longmem_oracle_qwen15b_50
qwen2.5:1.5b,longmem,lean_retrieval,8192,single_session_preference,0.0,0.0,0.0,7,logs/full_study/longmem_oracle_qwen15b_50
qwen2.5:1.5b,longmem,lean_retrieval,8192,single_session_user,1.0,1.0,1.0,7,logs/full_study/longmem_oracle_qwen15b_50
qwen2.5:1.5b,longmem,lean_retrieval,8192,temporal_reasoning,0.42857142857142855,0.14285714285714285,0.8571428571428571,7,logs/full_study/longmem_oracle_qwen15b_50
qwen2.5:1.5b,longmem,full_context,2048,abstention,0.0,0.0,0.0,8,logs/full_study/longmem_oracle_qwen15b_50
qwen2.5:1.5b,longmem,full_context,2048,knowledge_update,0.0,0.0,0.0,7,logs/full_study/longmem_oracle_qwen15b_50
qwen2.5:1.5b,longmem,full_context,2048,multi_session,0.0,0.0,0.0,7,logs/full_study/longmem_oracle_qwen15b_50
qwen2.5:1.5b,longmem,full_context,2048,single_session_assistant,0.5714285714285714,0.2857142857142857,0.8571428571428571,7,logs/full_study/longmem_oracle_qwen15b_50
qwen2.5:1.5b,longmem,full_context,2048,single_session_preference,0.0,0.0,0.0,7,logs/full_study/longmem_oracle_qwen15b_50
qwen2.5:1.5b,longmem,full_context,2048,single_session_user,0.0,0.0,0.0,7,logs/full_study/longmem_oracle_qwen15b_50
qwen2.5:1.5b,longmem,full_context,2048,temporal_reasoning,0.0,0.0,0.0,7,logs/full_study/longmem_oracle_qwen15b_50
qwen2.5:1.5b,longmem,full_context,4096,abstention,0.0,0.0,0.0,8,logs/full_study/longmem_oracle_qwen15b_50
qwen2.5:1.5b,longmem,full_context,4096,knowledge_update,0.0,0.0,0.0,7,logs/full_study/longmem_oracle_qwen15b_50
qwen2.5:1.5b,longmem,full_context,4096,multi_session,0.0,0.0,0.0,7,logs/full_study/longmem_oracle_qwen15b_50
qwen2.5:1.5b,longmem,full_context,4096,single_session_assistant,0.5714285714285714,0.14285714285714285,0.8571428571428571,7,logs/full_study/longmem_oracle_qwen15b_50
qwen2.5:1.5b,longmem,full_context,4096,single_session_preference,0.0,0.0,0.0,7,logs/full_study/longmem_oracle_qwen15b_50
qwen2.5:1.5b,longmem,full_context,4096,single_session_user,1.0,1.0,1.0,7,logs/full_study/longmem_oracle_qwen15b_50
qwen2.5:1.5b,longmem,full_context,4096,temporal_reasoning,0.0,0.0,0.0,7,logs/full_study/longmem_oracle_qwen15b_50
qwen2.5:1.5b,longmem,full_context,8192,abstention,0.125,0.0,0.375,8,logs/full_study/longmem_oracle_qwen15b_50
qwen2.5:1.5b,longmem,full_context,8192,knowledge_update,0.2857142857142857,0.0,0.7142857142857143,7,logs/full_study/longmem_oracle_qwen15b_50
qwen2.5:1.5b,longmem,full_context,8192,multi_session,0.0,0.0,0.0,7,logs/full_study/longmem_oracle_qwen15b_50
qwen2.5:1.5b,longmem,full_context,8192,single_session_assistant,0.5714285714285714,0.14285714285714285,0.8571428571428571,7,logs/full_study/longmem_oracle_qwen15b_50
qwen2.5:1.5b,longmem,full_context,8192,single_session_preference,0.0,0.0,0.0,7,logs/full_study/longmem_oracle_qwen15b_50
qwen2.5:1.5b,longmem,full_context,8192,single_session_user,1.0,1.0,1.0,7,logs/full_study/longmem_oracle_qwen15b_50
qwen2.5:1.5b,longmem,full_context,8192,temporal_reasoning,0.42857142857142855,0.14285714285714285,0.8571428571428571,7,logs/full_study/longmem_oracle_qwen15b_50
