candidate_model,judge_model,strategy,budget,judge_accuracy,judge_n,normalized_contains_accuracy,mean_judge_duration_sec,judge_prompt_version
qwen2.5:1.5b,gemma4:31b-mlx,full_context,2048,1.0,1,1.0,8.459413051605225,budgetbench-longmem-judge-v2
qwen2.5:1.5b,gemma4:31b-mlx,full_context,4096,1.0,2,1.0,7.651047587394714,budgetbench-longmem-judge-v2
qwen2.5:1.5b,gemma4:31b-mlx,full_context,8192,0.0,1,0.0,9.733616352081299,budgetbench-longmem-judge-v2
qwen2.5:1.5b,gemma4:31b-mlx,lean_retrieval,2048,0.0,1,0.0,11.725454092025757,budgetbench-longmem-judge-v2
qwen2.5:1.5b,gemma4:31b-mlx,lean_retrieval,8192,0.0,1,0.0,9.748318910598755,budgetbench-longmem-judge-v2
qwen2.5:1.5b,gemma4:31b-mlx,rag,2048,0.0,1,0.0,11.460386037826538,budgetbench-longmem-judge-v2
qwen2.5:1.5b,gemma4:31b-mlx,rag,4096,0.0,1,0.0,11.47834300994873,budgetbench-longmem-judge-v2
qwen2.5:1.5b,gemma4:31b-mlx,rag,8192,0.0,1,0.0,9.75812816619873,budgetbench-longmem-judge-v2
qwen2.5:1.5b,gemma4:31b-mlx,truncation,2048,0.0,1,0.0,9.80703091621399,budgetbench-longmem-judge-v2
qwen2.5:1.5b,gemma4:31b-mlx,truncation,4096,0.0,1,0.0,9.964293956756592,budgetbench-longmem-judge-v2
qwen2.5:1.5b,gemma4:31b-mlx,truncation,8192,0.0,1,0.0,9.742995262145996,budgetbench-longmem-judge-v2
