model,run_id,task,strategy,budget,accuracy,violation_rate,mean_used_budget,max_peak_budget,duration_sec,items,max_output_tokens
gemma4:e2b,model_compare_gemma4_e2b_long3,long,rag,2048,0.6666666666666666,,,,42.72892785072327,,4096
gemma4:e2b,model_compare_gemma4_e2b_long3,long,rag,4096,0.6666666666666666,,,,44.760777950286865,,4096
gemma4:e2b,model_compare_gemma4_e2b_long3,long,rag,8192,0.6666666666666666,,,,52.29558229446411,,4096
gemma4:e2b,model_compare_gemma4_e2b_long3,long,truncation,2048,0.3333333333333333,,,,23.073623180389404,,4096
gemma4:e2b,model_compare_gemma4_e2b_long3,long,truncation,4096,0.6666666666666666,,,,20.827358961105347,,4096
gemma4:e2b,model_compare_gemma4_e2b_long3,long,truncation,8192,0.6666666666666666,,,,27.18632197380066,,4096
qwen3-vl:2b,model_compare_qwen3_vl_2b_long3_cap4096,long,rag,2048,0.0,,,,89.45959091186523,,4096
qwen3-vl:2b,model_compare_qwen3_vl_2b_long3_cap4096,long,rag,4096,0.0,,,,124.06588697433472,,4096
qwen3-vl:2b,model_compare_qwen3_vl_2b_long3_cap4096,long,rag,8192,0.0,,,,151.67961621284485,,4096
qwen3-vl:2b,model_compare_qwen3_vl_2b_long3_cap4096,long,truncation,2048,0.0,,,,95.41369318962097,,4096
qwen3-vl:2b,model_compare_qwen3_vl_2b_long3_cap4096,long,truncation,4096,0.0,,,,62.134328842163086,,4096
qwen3-vl:2b,model_compare_qwen3_vl_2b_long3_cap4096,long,truncation,8192,0.0,,,,129.67809414863586,,4096
qwen3.5:0.8b,model_compare_qwen3_5_0_8b_long3,long,rag,2048,0.0,,,,90.26761794090271,,4096
qwen3.5:0.8b,model_compare_qwen3_5_0_8b_long3,long,rag,4096,0.0,,,,94.16197609901428,,4096
qwen3.5:0.8b,model_compare_qwen3_5_0_8b_long3,long,rag,8192,0.0,,,,99.67598700523376,,4096
qwen3.5:0.8b,model_compare_qwen3_5_0_8b_long3,long,truncation,2048,0.0,,,,74.04735803604126,,4096
qwen3.5:0.8b,model_compare_qwen3_5_0_8b_long3,long,truncation,4096,0.0,,,,80.37351703643799,,4096
qwen3.5:0.8b,model_compare_qwen3_5_0_8b_long3,long,truncation,8192,0.0,,,,85.47649908065796,,4096
qwen3.5:2b,model_compare_qwen3_5_2b_long3_cap1024,long,rag,2048,0.0,,,,52.87933015823364,,1024
qwen3.5:2b,model_compare_qwen3_5_2b_long3_cap1024,long,rag,4096,0.0,,,,55.10140109062195,,1024
qwen3.5:2b,model_compare_qwen3_5_2b_long3_cap1024,long,rag,8192,0.0,,,,58.25673198699951,,1024
qwen3.5:2b,model_compare_qwen3_5_2b_long3_cap1024,long,truncation,2048,0.0,,,,34.306320905685425,,1024
qwen3.5:2b,model_compare_qwen3_5_2b_long3_cap1024,long,truncation,4096,0.0,,,,33.38384008407593,,1024
qwen3.5:2b,model_compare_qwen3_5_2b_long3_cap1024,long,truncation,8192,0.0,,,,37.22700810432434,,1024
